{
  "results": [
    {
      "command": "../pr-dmd/generated/linux/release/64/dmd -i=std -c -unittest -version=StdUnittest -preview=dip1000 std/package.d",
      "mean": 114.23550245722,
      "stddev": 0.29197728530061345,
      "median": 114.32450227822,
      "user": 97.67832376000001,
      "system": 6.175518539999999,
      "min": 113.74289555422,
      "max": 114.47313699322,
      "times": [
        114.47313699322,
        114.41892974721999,
        114.21804771322,
        113.74289555422,
        114.32450227822
      ],
      "exit_codes": [
        0,
        0,
        0,
        0,
        0
      ]
    },
    {
      "command": "../master-dmd/generated/linux/release/64/dmd -i=std -c -unittest -version=StdUnittest -preview=dip1000 std/package.d",
      "mean": 114.23870807741999,
      "stddev": 0.7636084519977722,
      "median": 114.10223390022,
      "user": 97.32782376,
      "system": 6.08633634,
      "min": 113.49603593222,
      "max": 115.37272009422,
      "times": [
        114.58230752221999,
        113.64024293822,
        113.49603593222,
        114.10223390022,
        115.37272009422
      ],
      "exit_codes": [
        0,
        0,
        0,
        0,
        0
      ]
    }
  ]
}
