{
  "results": [
    {
      "command": "../pr-dmd/generated/linux/release/64/dmd -i=std -c -unittest -version=StdUnittest -preview=dip1000 std/package.d",
      "mean": 113.47317813757999,
      "stddev": 1.8774582801976945,
      "median": 113.07875630318,
      "user": 96.68060705999999,
      "system": 6.150138439999999,
      "min": 111.56921604818,
      "max": 116.58156247918001,
      "times": [
        113.47355096718,
        111.56921604818,
        112.66280489018,
        113.07875630318,
        116.58156247918001
      ],
      "exit_codes": [
        0,
        0,
        0,
        0,
        0
      ]
    },
    {
      "command": "../master-dmd/generated/linux/release/64/dmd -i=std -c -unittest -version=StdUnittest -preview=dip1000 std/package.d",
      "mean": 114.06433568238,
      "stddev": 1.0359263471164226,
      "median": 114.09859179318,
      "user": 96.77743286,
      "system": 6.2267914399999995,
      "min": 112.54095272918,
      "max": 115.44940757518,
      "times": [
        112.54095272918,
        115.44940757518,
        114.09859179318,
        114.26944257918,
        113.96328373518
      ],
      "exit_codes": [
        0,
        0,
        0,
        0,
        0
      ]
    }
  ]
}
