{
  "results": [
    {
      "command": "../pr-dmd/generated/linux/release/64/dmd -i=std -c -unittest -version=StdUnittest -preview=dip1000 std/package.d",
      "mean": 114.20095957072002,
      "stddev": 0.5379293294301496,
      "median": 114.40434647232,
      "user": 96.80851851999998,
      "system": 6.04187758,
      "min": 113.34813297032001,
      "max": 114.76404628032,
      "times": [
        114.40434647232,
        114.05974876932001,
        113.34813297032001,
        114.42852336132,
        114.76404628032
      ],
      "exit_codes": [
        0,
        0,
        0,
        0,
        0
      ]
    },
    {
      "command": "../master-dmd/generated/linux/release/64/dmd -i=std -c -unittest -version=StdUnittest -preview=dip1000 std/package.d",
      "mean": 115.06544466691999,
      "stddev": 1.387579355245337,
      "median": 114.28502345132,
      "user": 97.55623372,
      "system": 6.1327349799999995,
      "min": 113.71290527132,
      "max": 116.83219461932,
      "times": [
        114.28502345132,
        116.83219461932,
        114.23006453732,
        113.71290527132,
        116.26703545532
      ],
      "exit_codes": [
        0,
        0,
        0,
        0,
        0
      ]
    }
  ]
}
