{
  "results": [
    {
      "command": "PR Compiler",
      "mean": 124.14581806532001,
      "stddev": 1.8901136440000452,
      "median": 124.28687837292,
      "user": 102.62973084000001,
      "system": 6.4258114399999995,
      "min": 121.05966172892,
      "max": 125.72333248492,
      "times": [
        121.05966172892,
        124.01653816792,
        124.28687837292,
        125.72333248492,
        125.64267957192
      ],
      "exit_codes": [
        0,
        0,
        0,
        0,
        0
      ],
      "max_rss": [
        15527264
      ]
    },
    {
      "command": "Master Compiler",
      "mean": 126.67896978671999,
      "stddev": 1.361921762924434,
      "median": 126.52098972492,
      "user": 103.28429723999997,
      "system": 6.70067784,
      "min": 125.12975912792,
      "max": 128.86646362092,
      "times": [
        126.65542544692,
        125.12975912792,
        128.86646362092,
        126.52098972492,
        126.22221101292
      ],
      "exit_codes": [
        0,
        0,
        0,
        0,
        0
      ],
      "max_rss": [
        15548652
      ]
    }
  ]
}
