{
  "results": [
    {
      "command": "../pr-dmd/generated/linux/release/64/dmd -i=std -c -unittest -version=StdUnittest -preview=dip1000 std/package.d",
      "mean": 110.94316568522001,
      "stddev": 0.6840991567631949,
      "median": 111.00585777662,
      "user": 95.90405317999999,
      "system": 6.1139082600000005,
      "min": 110.18796856462,
      "max": 111.88389420061999,
      "times": [
        110.38205505962,
        111.25605282462,
        110.18796856462,
        111.00585777662,
        111.88389420061999
      ],
      "exit_codes": [
        0,
        0,
        0,
        0,
        0
      ]
    },
    {
      "command": "../master-dmd/generated/linux/release/64/dmd -i=std -c -unittest -version=StdUnittest -preview=dip1000 std/package.d",
      "mean": 112.45787701362,
      "stddev": 1.4416224053081337,
      "median": 112.54145434962,
      "user": 96.36862337999999,
      "system": 6.098925059999999,
      "min": 110.45329936362,
      "max": 114.15964559862,
      "times": [
        114.15964559862,
        111.74052966261999,
        113.39445609362,
        112.54145434962,
        110.45329936362
      ],
      "exit_codes": [
        0,
        0,
        0,
        0,
        0
      ]
    }
  ]
}
