{
  "results": [
    {
      "command": "PR Compiler",
      "mean": 119.11042849780002,
      "stddev": 3.6305919927381947,
      "median": 117.700395531,
      "user": 97.65745459999998,
      "system": 6.257903399999999,
      "min": 116.047885938,
      "max": 124.944005314,
      "times": [
        120.218873387,
        124.944005314,
        116.640982319,
        117.700395531,
        116.047885938
      ],
      "exit_codes": [
        0,
        0,
        0,
        0,
        0
      ]
    },
    {
      "command": "Master Compiler",
      "mean": 118.62980817759998,
      "stddev": 4.896519877785169,
      "median": 115.71608015300001,
      "user": 97.9761602,
      "system": 6.297077,
      "min": 115.224092458,
      "max": 126.743688084,
      "times": [
        115.71608015300001,
        126.743688084,
        119.778301389,
        115.686878804,
        115.224092458
      ],
      "exit_codes": [
        0,
        0,
        0,
        0,
        0
      ]
    }
  ]
}
