{
  "results": [
    {
      "command": "PR DMD",
      "mean": 113.53763946512001,
      "stddev": 0.9228445457904493,
      "median": 113.12553841972,
      "user": 97.1146299,
      "system": 6.061362679999999,
      "min": 112.56402672172001,
      "max": 114.62842117972001,
      "times": [
        112.95863390472,
        112.56402672172001,
        113.12553841972,
        114.41157709972,
        114.62842117972001
      ],
      "exit_codes": [
        0,
        0,
        0,
        0,
        0
      ],
      "max_rss": []
    },
    {
      "command": "Master DMD",
      "mean": 113.59190307332001,
      "stddev": 1.0125905824143098,
      "median": 113.73530131872,
      "user": 96.7681079,
      "system": 6.16271268,
      "min": 111.97149732272001,
      "max": 114.70331005572001,
      "times": [
        111.97149732272001,
        113.73530131872,
        113.49809571972,
        114.05131094972,
        114.70331005572001
      ],
      "exit_codes": [
        0,
        0,
        0,
        0,
        0
      ],
      "max_rss": []
    }
  ]
}