{
  "results": [
    {
      "command": "PR Compiler",
      "mean": 122.74076427591999,
      "stddev": 0.7288012403952916,
      "median": 123.13078603592,
      "user": 99.23141509999998,
      "system": 6.25923102,
      "min": 121.70456439592,
      "max": 123.42784397692,
      "times": [
        123.42784397692,
        122.25886855792,
        123.13078603592,
        121.70456439592,
        123.18175841291999
      ],
      "exit_codes": [
        0,
        0,
        0,
        0,
        0
      ],
      "max_rss": [
        15557160
      ]
    },
    {
      "command": "Master Compiler",
      "mean": 122.90580177951999,
      "stddev": 2.4055775001118005,
      "median": 122.32343681692,
      "user": 99.12611949999999,
      "system": 6.25860902,
      "min": 120.81809325492,
      "max": 126.76664015092,
      "times": [
        122.32343681692,
        121.11993557692,
        123.50090309792,
        120.81809325492,
        126.76664015092
      ],
      "exit_codes": [
        0,
        0,
        0,
        0,
        0
      ],
      "max_rss": [
        15520252
      ]
    }
  ]
}
