{
  "results": [
    {
      "command": "../pr-dmd/generated/linux/release/64/dmd -i=std -c -unittest -version=StdUnittest -preview=dip1000 std/package.d",
      "mean": 120.11077783178,
      "stddev": 0.5696117832519182,
      "median": 120.12515580578001,
      "user": 97.44364032000001,
      "system": 6.091439599999999,
      "min": 119.30822078278,
      "max": 120.69708752078,
      "times": [
        120.69708752078,
        119.30822078278,
        120.59210121778,
        120.12515580578001,
        119.83132383178
      ],
      "exit_codes": [
        0,
        0,
        0,
        0,
        0
      ]
    },
    {
      "command": "../master-dmd/generated/linux/release/64/dmd -i=std -c -unittest -version=StdUnittest -preview=dip1000 std/package.d",
      "mean": 118.27480871257998,
      "stddev": 3.3759054581842562,
      "median": 119.58649411278,
      "user": 97.28490711999999,
      "system": 6.035818000000001,
      "min": 112.27221046378,
      "max": 120.15664237678,
      "times": [
        119.58649411278,
        112.27221046378,
        119.26192438778,
        120.09677222178,
        120.15664237678
      ],
      "exit_codes": [
        0,
        0,
        0,
        0,
        0
      ]
    }
  ]
}
