{
  "results": [
    {
      "command": "../pr-dmd/generated/linux/release/64/dmd -i=std -c -unittest -version=StdUnittest -preview=dip1000 std/package.d",
      "mean": 113.75470007498,
      "stddev": 1.4392646807387794,
      "median": 113.50937736078,
      "user": 98.07804242,
      "system": 6.413413759999999,
      "min": 112.35450124778,
      "max": 115.63447332978,
      "times": [
        112.47477439177999,
        112.35450124778,
        113.50937736078,
        115.63447332978,
        114.80037404478
      ],
      "exit_codes": [
        0,
        0,
        0,
        0,
        0
      ]
    },
    {
      "command": "../master-dmd/generated/linux/release/64/dmd -i=std -c -unittest -version=StdUnittest -preview=dip1000 std/package.d",
      "mean": 113.21395467398,
      "stddev": 1.196862938747545,
      "median": 112.85750560678,
      "user": 97.35983322,
      "system": 6.30389536,
      "min": 111.88899691478,
      "max": 114.88401489677999,
      "times": [
        111.88899691478,
        112.85750560678,
        113.94701681778,
        112.49223913377999,
        114.88401489677999
      ],
      "exit_codes": [
        0,
        0,
        0,
        0,
        0
      ]
    }
  ]
}
