{
  "results": [
    {
      "command": "../pr-dmd/generated/linux/release/64/dmd -i=std -c -unittest -version=StdUnittest -preview=dip1000 std/package.d",
      "mean": 123.88139973040002,
      "stddev": 2.88622304012394,
      "median": 122.391353869,
      "user": 97.26400287999999,
      "system": 5.964934659999999,
      "min": 121.845286579,
      "max": 128.657635915,
      "times": [
        122.391353869,
        124.55277191200001,
        121.845286579,
        121.95995037700001,
        128.657635915
      ],
      "exit_codes": [
        0,
        0,
        0,
        0,
        0
      ]
    },
    {
      "command": "../master-dmd/generated/linux/release/64/dmd -i=std -c -unittest -version=StdUnittest -preview=dip1000 std/package.d",
      "mean": 123.25944001299999,
      "stddev": 3.7756575353565425,
      "median": 122.93256986700001,
      "user": 96.84745047999999,
      "system": 6.16017546,
      "min": 119.760359854,
      "max": 128.68373065699998,
      "times": [
        125.103343654,
        119.817196033,
        128.68373065699998,
        119.760359854,
        122.93256986700001
      ],
      "exit_codes": [
        0,
        0,
        0,
        0,
        0
      ]
    }
  ]
}
