{
  "results": [
    {
      "command": "PR Compiler",
      "mean": 121.67457353688,
      "stddev": 1.842322239953721,
      "median": 121.24639450728,
      "user": 98.95208994,
      "system": 6.3143198,
      "min": 119.29754785128,
      "max": 124.24200465328,
      "times": [
        121.04411199528,
        124.24200465328,
        122.54280867728001,
        119.29754785128,
        121.24639450728
      ],
      "exit_codes": [
        0,
        0,
        0,
        0,
        0
      ],
      "max_rss": [
        15574280
      ]
    },
    {
      "command": "Master Compiler",
      "mean": 122.96343044948,
      "stddev": 2.81654482466703,
      "median": 123.18298501528,
      "user": 100.46386734000001,
      "system": 6.333762599999999,
      "min": 120.22150280428001,
      "max": 126.94766027128,
      "times": [
        124.13286095728,
        120.22150280428001,
        120.33214319928,
        123.18298501528,
        126.94766027128
      ],
      "exit_codes": [
        0,
        0,
        0,
        0,
        0
      ],
      "max_rss": [
        15572604
      ]
    }
  ]
}
